2023-03-10 09:10,20307.17,20309.94,20199.52,20209.72,2821.25892
2023-03-10 09:15,20208.65,20244.85,20115.01,20162.08,4100.89366
2023-03-10 09:20,20162.08,20170.17,20022.0,20114.17,5429.15022
2023-03-10 09:25,20114.17,20179.93,20109.84,20141.16,3282.52589
2023-03-10 09:30,20141.16,20163.32,20070.0,20158.74,2962.27273
2023-03-10 09:35,20159.74,20180.0,20093.42,20112.69,2104.95717
2023-03-10 09:40,20113.56,20147.0,20105.97,20129.52,1626.80679
2023-03-10 09:45,20129.52,20132.86,20089.29,20105.84,2189.73078
2023-03-10 09:50,20105.84,20109.7,20040.01,20068.25,2315.53183
2023-03-10 09:55,20067.09,20136.77,20063.98,20120.27,1967.03303
2023-03-10 10:00,20121.38,20123.01,19930.45,20084.02,4665.35355
2023-03-10 10:05,20085.99,20137.08,19980.98,20073.18,5525.43696
2023-03-10 10:10,20073.19,20078.77,19989.56,20006.69,3874.31897
2023-03-10 10:15,20006.69,20036.52,19804.65,19828.2,10360.32095
2023-03-10 10:20,19830.31,19956.45,19776.22,19905.43,5709.77769
2023-03-10 10:25,19905.43,20000.01,19864.87,19996.88,3950.27898
2023-03-10 10:30,19996.88,20095.81,19964.72,20056.54,4773.81253
2023-03-10 10:35,20056.54,20090.0,20016.48,20078.69,3378.95525
2023-03-10 10:40,20080.09,20098.68,20028.97,20042.16,2590.55297
2023-03-10 10:45,20042.16,20089.09,20032.71,20066.31,2336.80553
2023-03-10 10:50,20065.14,20137.99,20063.23,20128.32,1682.28428
2023-03-10 10:55,20130.45,20159.5,20090.78,20111.01,2412.09518
2023-03-10 11:00,20111.87,20112.75,20055.38,20082.45,2229.83473
2023-03-10 11:05,20082.45,20140.24,20070.01,20137.74,2018.41061
2023-03-10 11:10,20139.65,20141.72,20100.76,20125.44,1323.74401
2023-03-10 11:15,20125.44,20125.84,20059.13,20073.21,1472.41454
2023-03-10 11:20,20072.53,20096.98,20059.89,20087.46,943.25089
2023-03-10 11:25,20087.46,20110.18,20042.56,20047.28,1213.59779
2023-03-10 11:30,20047.28,20075.86,20042.35,20058.56,1586.96051
2023-03-10 11:35,20057.74,20100.0,20056.68,20092.9,847.54864
2023-03-10 11:40,20092.06,20093.96,20062.56,20069.91,877.62068
2023-03-10 11:45,20070.71,20092.44,20068.18,20073.26,1005.01668
2023-03-10 11:50,20072.7,20073.3,20048.0,20058.47,913.8809
2023-03-10 11:55,20058.93,20061.72,20024.95,20040.44,941.08432
2023-03-10 12:00,20040.44,20051.12,20010.0,20015.25,1030.53379
2023-03-10 12:05,20015.25,20056.85,19977.48,20051.18,2216.14814
2023-03-10 12:10,20050.4,20060.52,20037.66,20051.46,811.77995
2023-03-10 12:15,20051.46,20058.48,20037.91,20055.51,743.31714
2023-03-10 12:20,20055.09,20112.0,20055.09,20105.64,1520.0273
2023-03-10 12:25,20105.64,20134.5,20084.34,20087.6,1398.90676
2023-03-10 12:30,20088.27,20107.52,20078.07,20099.29,941.38422
2023-03-10 12:35,20099.29,20107.73,20076.4,20089.72,1040.35639
2023-03-10 12:40,20089.71,20106.48,20086.81,20099.28,666.64201
2023-03-10 12:45,20099.28,20105.51,20078.27,20081.86,797.47472
2023-03-10 12:50,20081.86,20086.9,20053.02,20064.85,972.26973
2023-03-10 12:55,20064.23,20065.65,20046.28,20052.07,708.20808
2023-03-10 13:00,20052.07,20065.0,20038.24,20055.05,1256.75187
2023-03-10 13:05,20055.68,20055.68,19932.6,20013.7,3647.89446
2023-03-10 13:10,20013.71,20025.53,19992.21,20002.95,1291.70124
2023-03-10 13:15,20002.53,20009.0,19959.01,19964.14,1547.15339
2023-03-10 13:20,19964.14,19990.74,19939.29,19971.67,2210.72583
2023-03-10 13:25,19971.67,19980.59,19943.59,19953.71,1028.0477
2023-03-10 13:30,19953.71,19958.4,19916.42,19935.98,1682.5256
2023-03-10 13:35,19937.47,19940.52,19866.41,19880.48,2578.62017
2023-03-10 13:40,19880.48,19918.0,19871.02,19910.0,1927.47809
2023-03-10 13:45,19910.0,19928.16,19856.28,19898.36,1746.77054
2023-03-10 13:50,19898.36,19907.78,19861.53,19864.9,1067.02503
2023-03-10 13:55,19865.58,19884.82,19833.01,19876.69,1615.84297
2023-03-10 14:00,19876.15,19924.5,19872.4,19923.49,1496.1592
2023-03-10 14:05,19923.49,19930.0,19885.5,19887.68,1102.48899
2023-03-10 14:10,19887.67,19894.18,19854.09,19886.29,1029.7982
2023-03-10 14:15,19887.0,19917.17,19880.0,19911.01,993.3819
2023-03-10 14:20,19911.01,19987.1,19908.8,19957.06,1999.86717
2023-03-10 14:25,19957.92,19988.47,19950.01,19953.06,1377.00943
2023-03-10 14:30,19953.06,20046.0,19952.58,20005.68,2428.08747
2023-03-10 14:35,20005.68,20031.6,20000.4,20013.87,1287.32178
2023-03-10 14:40,20015.05,20019.24,19995.0,20010.96,1091.34397
2023-03-10 14:45,20010.96,20035.82,20009.38,20029.27,1027.19541
2023-03-10 14:50,20029.88,20031.5,20008.82,20016.15,874.04631
2023-03-10 14:55,20016.15,20016.76,19983.64,19990.1,1331.94199
2023-03-10 15:00,19990.1,20024.76,19989.64,20021.79,960.18211
2023-03-10 15:05,20021.25,20024.05,19954.93,19957.07,2011.11317
2023-03-10 15:10,19956.16,19975.0,19918.5,19921.21,1296.10152
2023-03-10 15:15,19922.1,19949.16,19918.4,19935.45,1489.57681
2023-03-10 15:20,19934.86,19957.97,19930.0,19937.25,1179.70942
2023-03-10 15:25,19936.66,19959.88,19934.06,19949.67,865.8167
2023-03-10 15:30,19950.77,19977.71,19939.68,19940.31,1129.64722
2023-03-10 15:35,19941.08,19992.8,19914.91,19953.82,1707.57054
2023-03-10 15:40,19953.82,19956.25,19921.6,19932.42,1260.42837
2023-03-10 15:45,19932.42,19935.0,19887.27,19908.53,1838.77237
2023-03-10 15:50,19908.53,19911.96,19864.89,19885.76,1946.90002
2023-03-10 15:55,19885.76,19925.61,19839.62,19873.46,2132.42871
2023-03-10 16:00,19873.46,19899.04,19846.12,19848.79,2186.7653
2023-03-10 16:05,19848.79,19900.0,19776.55,19855.85,4291.39101
2023-03-10 16:10,19857.7,19907.37,19849.19,19849.43,2218.4781
2023-03-10 16:15,19849.43,19859.0,19782.54,19855.57,3343.22374
2023-03-10 16:20,19856.94,19961.07,19855.56,19951.04,3600.9666
2023-03-10 16:25,19951.04,19955.07,19910.0,19942.76,1623.66894
2023-03-10 16:30,19942.76,20000.0,19929.96,19991.0,2116.65194
2023-03-10 16:35,19991.94,20039.19,19969.86,20010.27,2798.86181
2023-03-10 16:40,20010.27,20015.93,19974.71,19977.27,1685.47471
2023-03-10 16:45,19976.09,20010.05,19956.54,19957.29,1739.67543
2023-03-10 16:50,19957.29,19973.89,19943.54,19949.52,1586.08239
2023-03-10 16:55,19950.43,19963.81,19944.83,19953.58,1347.20324
2023-03-10 17:00,19953.58,19964.87,19910.0,19918.42,1905.10346
2023-03-10 17:05,19917.84,19966.48,19910.86,19935.62,1438.29491
2023-03-10 17:10,19935.62,19945.31,19900.12,19909.86,1311.14754
2023-03-10 17:15,19909.09,19925.78,19882.19,19917.45,1467.8978
2023-03-10 17:20,19917.45,19929.52,19900.0,19914.27,1250.46169
2023-03-10 17:25,19914.27,19933.46,19895.13,19929.17,985.34709
2023-03-10 17:30,19929.18,19937.69,19910.14,19927.32,965.6869
2023-03-10 17:35,19926.61,19942.11,19914.97,19919.19,969.19279
2023-03-10 17:40,19918.72,19919.95,19882.5,19884.54,1392.4786
2023-03-10 17:45,19885.39,19934.73,19875.83,19927.51,1326.89187
2023-03-10 17:50,19927.51,19958.48,19924.39,19954.24,1094.21593
2023-03-10 17:55,19955.22,19977.0,19941.91,19959.12,1071.75929
2023-03-10 18:00,19958.54,19969.14,19924.18,19935.9,1253.49245
2023-03-10 18:05,19935.9,19946.22,19914.02,19928.5,1136.11642
2023-03-10 18:10,19929.03,19930.16,19898.75,19908.01,1215.97093
2023-03-10 18:15,19907.98,19923.35,19887.0,19912.91,1450.16919
2023-03-10 18:20,19912.57,19924.62,19904.8,19910.5,919.90497
2023-03-10 18:25,19910.5,19933.31,19897.18,19915.97,1572.17549
2023-03-10 18:30,19915.22,19926.22,19906.19,19907.13,939.49791
2023-03-10 18:35,19907.13,19909.13,19861.49,19871.91,2358.78499
2023-03-10 18:40,19870.63,19884.49,19831.4,19850.91,2180.21908
2023-03-10 18:45,19851.23,19894.88,19849.63,19893.52,1693.30081
2023-03-10 18:50,19892.41,19908.67,19875.77,19880.95,1309.29148
2023-03-10 18:55,19880.16,19886.76,19850.0,19853.12,1523.21872
2023-03-10 19:00,19853.12,19877.37,19833.22,19852.87,1883.01862
2023-03-10 19:05,19852.87,19924.04,19852.01,19892.07,2127.52304
2023-03-10 19:10,19892.78,19894.34,19842.24,19868.17,1712.30285
2023-03-10 19:15,19868.17,19873.19,19841.32,19856.93,1414.87395
2023-03-10 19:20,19855.77,19887.99,19855.77,19866.63,1342.11773
2023-03-10 19:25,19866.63,19869.67,19792.0,19814.57,4113.61881
2023-03-10 19:30,19814.57,19852.0,19733.0,19813.12,4613.03909
2023-03-10 19:35,19813.12,19854.25,19765.99,19786.48,2945.73284
2023-03-10 19:40,19785.11,19788.83,19670.01,19676.6,7572.3099
2023-03-10 19:45,19678.54,19749.0,19549.09,19622.93,5925.97211
2023-03-10 19:50,19624.61,19695.58,19605.36,19644.58,3287.97034
2023-03-10 19:55,19643.01,19676.0,19612.45,19621.66,2050.19925
2023-03-10 20:00,19622.77,19669.5,19618.8,19642.43,2275.90576
2023-03-10 20:05,19642.43,19696.57,19628.21,19660.3,2079.3567
2023-03-10 20:10,19660.3,19704.3,19655.57,19697.32,2072.40055
2023-03-10 20:15,19696.53,19713.72,19645.88,19648.07,2060.93722
2023-03-10 20:20,19647.98,19653.41,19569.47,19611.25,3275.03739
2023-03-10 20:25,19611.25,19667.63,19608.74,19654.46,1768.86423
2023-03-10 20:30,19654.46,19687.73,19651.53,19685.08,1327.75225
2023-03-10 20:35,19685.08,19685.98,19645.33,19662.33,1293.3911
2023-03-10 20:40,19663.44,19667.0,19609.63,19644.23,2327.47557
2023-03-10 20:45,19644.23,19717.09,19641.99,19714.02,1366.59092
2023-03-10 20:50,19713.7,19802.24,19713.43,19772.48,3263.23385
2023-03-10 20:55,19772.47,19788.81,19735.55,19760.78,2148.04267
2023-03-10 21:00,19761.12,19797.01,19745.47,19756.97,1646.48028
2023-03-10 21:05,19757.89,19765.96,19730.16,19740.28,1223.3466
2023-03-10 21:10,19739.38,19765.9,19738.11,19741.45,1001.31302
2023-03-10 21:15,19741.45,19858.5,19741.39,19831.76,2364.36924
2023-03-10 21:20,19832.4,19839.56,19787.52,19793.21,1891.76574
2023-03-10 21:25,19793.21,19899.98,19760.0,19868.9,3960.51081
2023-03-10 21:30,19869.88,19883.19,19811.33,19819.94,2331.66303
2023-03-10 21:35,19818.97,19861.77,19812.18,19855.29,1449.67749
2023-03-10 21:40,19855.29,19869.24,19834.0,19867.22,1269.4918
2023-03-10 21:45,19867.24,19959.0,19859.08,19885.48,2985.49523
2023-03-10 21:50,19885.48,19953.14,19878.07,19947.47,2086.10181
2023-03-10 21:55,19948.91,19998.99,19930.05,19934.75,2716.74639
2023-03-10 22:00,19933.31,19958.95,19902.65,19911.42,1837.22098
2023-03-10 22:05,19911.42,19955.0,19902.16,19923.41,1865.01971
2023-03-10 22:10,19924.43,19952.77,19919.21,19925.45,1129.96614
2023-03-10 22:15,19925.53,19931.7,19884.75,19901.07,1905.68869
2023-03-10 22:20,19901.64,19944.99,19892.68,19937.81,1389.87877
2023-03-10 22:25,19938.9,19961.07,19911.2,19935.32,2567.49997
2023-03-10 22:30,19933.39,20176.7,19918.91,20084.41,10310.88816
2023-03-10 22:35,20084.41,20087.84,19982.63,20021.92,4483.3628
2023-03-10 22:40,20023.97,20269.39,20002.65,20208.57,6275.97835
2023-03-10 22:45,20208.57,20321.19,20188.34,20251.98,5098.50633
2023-03-10 22:50,20251.98,20276.37,20195.01,20238.21,3568.49035
2023-03-10 22:55,20238.2,20249.25,20168.93,20184.92,3038.96179
2023-03-10 23:00,20184.9,20191.4,20119.0,20141.46,3173.96569
2023-03-10 23:05,20139.51,20141.46,19970.63,20010.43,5569.8201
2023-03-10 23:10,20010.43,20058.2,19909.21,19924.68,3051.80907
2023-03-10 23:15,19924.68,19943.43,19857.89,19937.33,5628.83078
2023-03-10 23:20,19937.98,19960.6,19906.01,19935.38,1955.55323
2023-03-10 23:25,19935.38,20048.5,19925.49,20030.72,2614.14809
2023-03-10 23:30,20032.03,20057.52,19950.17,19974.13,3988.94673
2023-03-10 23:35,19973.98,19993.97,19900.0,19907.49,3052.49776
2023-03-10 23:40,19907.49,19918.82,19718.23,19729.64,5301.55595
2023-03-10 23:45,19729.66,19797.15,19657.11,19758.09,5152.40098
2023-03-10 23:50,19759.56,19878.99,19744.04,19816.14,4906.89859
2023-03-10 23:55,19814.85,19855.71,19787.01,19819.8,2875.02393
2023-03-11 00:00,19819.8,19947.0,19816.03,19906.26,4473.51855
2023-03-11 00:05,19906.26,19967.89,19885.4,19910.61,3418.84576
2023-03-11 00:10,19909.02,19918.93,19847.97,19855.21,2917.14219
2023-03-11 00:15,19853.91,19886.19,19807.95,19832.56,3062.55455
2023-03-11 00:20,19832.56,19868.0,19766.0,19812.2,3042.09985
2023-03-11 00:25,19812.2,19868.11,19791.99,19858.75,2359.23681
2023-03-11 00:30,19860.51,19953.64,19856.24,19909.28,3149.23165
2023-03-11 00:35,19909.29,19948.0,19900.58,19934.21,2655.36489
2023-03-11 00:40,19934.2,19964.68,19867.54,19873.15,3089.36393
2023-03-11 00:45,19875.13,19922.61,19852.51,19916.01,2454.69361
2023-03-11 00:50,19916.01,20021.56,19893.81,19987.3,3423.71028
2023-03-11 00:55,19985.64,20037.75,19984.06,20004.96,2902.85071
2023-03-11 01:00,20004.96,20011.99,19971.22,19984.88,2521.08667
2023-03-11 01:05,19986.58,20003.25,19971.2,19996.62,1870.44948
2023-03-11 01:10,19995.53,20022.3,19963.62,19965.93,1875.84648
2023-03-11 01:15,19965.9,19984.54,19928.83,19970.82,2256.73359
2023-03-11 01:20,19970.3,20102.65,19966.88,20047.25,3475.06867
2023-03-11 01:25,20047.25,20159.99,20040.0,20143.19,3472.03767
2023-03-11 01:30,20141.51,20307.73,20136.25,20274.63,5660.27661
2023-03-11 01:35,20274.62,20287.99,20111.25,20134.52,4843.08922
2023-03-11 01:40,20136.01,20153.71,20068.65,20094.21,3161.07087
2023-03-11 01:45,20094.21,20103.91,20004.0,20092.0,3248.17384
2023-03-11 01:50,20092.0,20108.63,20017.83,20028.02,2205.45016
2023-03-11 01:55,20028.02,20054.59,19989.0,20016.36,2119.89874
2023-03-11 02:00,20015.11,20026.99,19900.0,19912.17,2709.61556
2023-03-11 02:05,19910.99,19939.99,19830.74,19850.93,3146.00879
2023-03-11 02:10,19850.93,19945.37,19846.84,19910.02,2922.25831
2023-03-11 02:15,19910.02,19969.83,19888.0,19901.15,2821.75319
2023-03-11 02:20,19899.14,19951.53,19845.98,19847.08,2611.32743
2023-03-11 02:25,19848.81,19916.76,19842.69,19916.74,1990.71136
2023-03-11 02:30,19915.22,19996.9,19897.2,19971.29,2756.50776
2023-03-11 02:35,19972.35,20020.51,19962.84,20011.82,2172.23436
2023-03-11 02:40,20011.82,20020.0,19940.0,19983.85,2383.98423
2023-03-11 02:45,19981.97,20082.66,19974.9,20024.62,2949.76958
2023-03-11 02:50,20024.62,20036.92,19908.68,19941.87,2487.07076
2023-03-11 02:55,19940.46,19944.9,19900.01,19930.48,2055.90802
2023-03-11 03:00,19928.57,19979.99,19926.3,19946.65,1817.86177
2023-03-11 03:05,19945.02,19988.88,19926.95,19981.82,1868.87035
2023-03-11 03:10,19981.83,20005.21,19962.0,19964.06,1635.72271
2023-03-11 03:15,19963.84,19967.86,19902.36,19940.02,2063.67965
2023-03-11 03:20,19941.07,19964.0,19906.34,19920.16,1589.4221
2023-03-11 03:25,19920.16,19933.81,19874.37,19905.83,1890.20726
2023-03-11 03:30,19906.79,19924.5,19864.0,19866.35,1457.27798
2023-03-11 03:35,19866.35,19925.62,19864.06,19921.68,1732.49687
2023-03-11 03:40,19921.69,19936.28,19899.48,19910.73,1218.59897
2023-03-11 03:45,19912.09,19936.31,19886.76,19892.08,1402.72627
2023-03-11 03:50,19892.61,19904.63,19824.06,19851.28,2133.82525
2023-03-11 03:55,19851.9,19858.25,19831.01,19848.52,1548.75169
2023-03-11 04:00,19848.5,19944.98,19843.4,19932.63,2193.44578
2023-03-11 04:05,19931.71,19979.0,19882.0,19977.84,2183.7441
2023-03-11 04:10,19976.51,19989.99,19921.57,19936.98,2348.08406
2023-03-11 04:15,19938.42,19951.15,19915.83,19942.59,1356.18958
2023-03-11 04:20,19941.16,19950.99,19911.27,19912.31,1272.20215
2023-03-11 04:25,19911.27,19922.41,19897.02,19906.75,1266.18687
2023-03-11 04:30,19905.74,19946.99,19903.32,19927.65,1604.11419
2023-03-11 04:35,19927.6,19977.33,19923.55,19952.9,1692.64919
2023-03-11 04:40,19952.91,19990.78,19937.13,19956.65,1516.30957
2023-03-11 04:45,19957.43,20020.76,19952.02,20015.15,1980.1137
2023-03-11 04:50,20015.15,20063.89,19982.62,20055.69,1995.70842
2023-03-11 04:55,20057.28,20071.4,19996.89,20024.32,2179.24541
2023-03-11 05:00,20022.72,20043.19,19986.44,20026.95,1857.91916
2023-03-11 05:05,20026.95,20041.1,19998.0,20029.37,1468.1514
2023-03-11 05:10,20028.26,20066.72,20006.1,20023.7,1792.41461
2023-03-11 05:15,20025.21,20043.59,19980.7,19986.7,1617.08814
2023-03-11 05:20,19986.7,19999.77,19966.72,19998.48,1554.1794
2023-03-11 05:25,19998.5,20028.93,19992.0,20010.27,1181.87212
2023-03-11 05:30,20010.28,20019.1,19991.0,20000.98,1139.69818
2023-03-11 05:35,20000.72,20002.4,19958.65,19958.89,1169.03548
2023-03-11 05:40,19958.89,19962.82,19938.07,19956.0,1262.28416
2023-03-11 05:45,19955.93,19971.67,19947.97,19964.52,844.54291
2023-03-11 05:50,19964.63,19996.93,19955.9,19980.68,1083.97754
2023-03-11 05:55,19981.35,19984.74,19963.1,19969.31,918.95934
2023-03-11 06:00,19969.31,19981.04,19924.6,19934.62,1052.0073
2023-03-11 06:05,19934.62,19950.47,19923.52,19938.28,1063.13103
2023-03-11 06:10,19938.28,19957.76,19932.34,19944.52,776.28549
2023-03-11 06:15,19943.68,19945.0,19892.59,19908.65,1366.16047
2023-03-11 06:20,19909.31,19918.0,19850.0,19881.82,1547.46292
2023-03-11 06:25,19880.65,19923.93,19860.23,19922.6,1103.76519
2023-03-11 06:30,19923.71,19967.91,19893.39,19922.8,1760.04382
2023-03-11 06:35,19920.72,19935.96,19874.78,19900.3,1264.49434
2023-03-11 06:40,19899.46,19936.44,19890.45,19932.84,1034.53407
2023-03-11 06:45,19932.84,19953.78,19909.02,19951.05,1159.86321
2023-03-11 06:50,19951.89,20013.31,19949.94,19997.71,1446.74696
2023-03-11 06:55,19997.71,20129.1,19995.72,20076.64,2913.4181
2023-03-11 07:00,20076.64,20164.57,20023.01,20135.23,2440.57934
2023-03-11 07:05,20134.49,20164.88,20081.23,20096.08,1702.26309
2023-03-11 07:10,20097.56,20147.41,20083.89,20122.23,1379.50153
2023-03-11 07:15,20122.23,20133.92,20060.0,20082.8,1150.4263
2023-03-11 07:20,20082.78,20105.67,20064.47,20076.33,1116.44089
2023-03-11 07:25,20076.3,20139.29,20066.85,20097.14,1350.75372
2023-03-11 07:30,20097.14,20116.45,20080.0,20093.97,995.86696
2023-03-11 07:35,20094.01,20114.5,20078.4,20103.56,808.35256
2023-03-11 07:40,20103.56,20109.96,20056.0,20056.97,710.2719
2023-03-11 07:45,20056.97,20090.0,20021.64,20087.36,994.09499
2023-03-11 07:50,20087.36,20167.79,20075.69,20135.06,1089.63153
2023-03-11 07:55,20135.75,20138.48,20088.97,20097.23,824.79707
2023-03-11 08:00,20097.23,20123.81,20084.21,20116.91,1415.74912
2023-03-11 08:05,20118.52,20140.65,20108.94,20135.42,1326.5011
2023-03-11 08:10,20135.98,20194.82,20123.04,20158.04,2112.651
2023-03-11 08:15,20159.34,20189.17,20151.65,20178.22,1453.83754
2023-03-11 08:20,20176.63,20195.64,20131.83,20141.3,1235.83071
2023-03-11 08:25,20141.28,20159.11,20119.29,20143.38,1180.7535
2023-03-11 08:30,20143.38,20184.83,20132.95,20169.97,1199.22773
2023-03-11 08:35,20170.12,20190.81,20168.75,20180.54,904.44191
2023-03-11 08:40,20180.33,20208.66,20164.49,20205.51,1224.17009
2023-03-11 08:45,20205.51,20240.4,20195.75,20209.57,1551.02788
2023-03-11 08:50,20208.71,20210.5,20096.01,20135.35,2357.42902
2023-03-11 08:55,20135.37,20167.21,20127.62,20150.69,1153.00136
2023-03-11 09:00,20150.69,20199.97,20142.16,20193.16,1369.30854
2023-03-11 09:05,20193.16,20231.0,20135.05,20144.19,1754.69662
2023-03-11 09:10,20144.19,20204.23,20135.59,20175.79,1331.09738
2023-03-11 09:15,20176.96,20185.49,20153.25,20157.59,1080.01479
2023-03-11 09:20,20156.33,20196.16,20153.58,20191.28,894.94385
2023-03-11 09:25,20192.1,20270.16,20190.31,20259.76,2824.19793
2023-03-11 09:30,20259.76,20269.13,20223.07,20261.88,1903.77163
2023-03-11 09:35,20262.99,20270.47,20213.2,20254.35,2028.42724
2023-03-11 09:40,20254.15,20268.44,20217.1,20228.91,1674.23115
2023-03-11 09:45,20228.12,20288.88,20216.27,20277.85,2070.97561
2023-03-11 09:50,20278.45,20301.79,20190.86,20243.66,3248.72279
2023-03-11 09:55,20243.66,20273.79,20201.53,20216.03,2150.67155
2023-03-11 10:00,20215.53,20315.0,20215.5,20277.43,2410.1695
2023-03-11 10:05,20278.21,20322.48,20259.79,20311.21,2291.84674
2023-03-11 10:10,20311.79,20349.99,20290.64,20331.48,2400.93168
2023-03-11 10:15,20330.33,20353.44,20298.44,20313.03,2557.0892
2023-03-11 10:20,20313.56,20329.06,20272.48,20313.04,1791.00975
2023-03-11 10:25,20313.04,20350.88,20288.35,20346.78,1661.42245
2023-03-11 10:30,20346.78,20478.68,20341.59,20438.45,5203.9179
2023-03-11 10:35,20438.46,20509.09,20417.12,20484.63,3240.86075
2023-03-11 10:40,20484.63,20686.51,20460.27,20604.02,6173.53889
2023-03-11 10:45,20604.03,20611.63,20486.97,20543.11,3807.72281
2023-03-11 10:50,20544.48,20630.0,20543.11,20614.08,2074.16981
2023-03-11 10:55,20614.08,20685.98,20573.0,20586.75,2809.14955
2023-03-11 11:00,20586.75,20623.18,20540.91,20621.31,2114.40126
2023-03-11 11:05,20621.3,20640.11,20503.87,20528.57,2130.21286
2023-03-11 11:10,20528.57,20559.67,20458.21,20467.83,1832.96025
2023-03-11 11:15,20468.58,20499.88,20418.55,20427.27,1467.0158
2023-03-11 11:20,20427.27,20500.0,20417.09,20497.07,1640.86176
2023-03-11 11:25,20496.71,20499.84,20400.79,20430.36,1429.33688
2023-03-11 11:30,20430.36,20434.91,20374.07,20394.61,1176.62032
2023-03-11 11:35,20393.97,20502.85,20392.92,20460.12,1869.39771
2023-03-11 11:40,20458.91,20482.57,20410.15,20444.1,2055.79416
2023-03-11 11:45,20445.59,20524.99,20418.34,20489.12,2779.53592
2023-03-11 11:50,20490.02,20517.98,20477.86,20493.68,1399.71789
2023-03-11 11:55,20493.57,20503.17,20450.03,20492.43,1212.3317
2023-03-11 12:00,20491.36,20502.75,20434.31,20435.84,1474.98304
2023-03-11 12:05,20435.84,20438.89,20315.36,20337.28,3641.11119
2023-03-11 12:10,20337.2,20374.01,20315.01,20363.56,2366.16035
2023-03-11 12:15,20362.53,20381.16,20341.1,20373.91,1762.67056
2023-03-11 12:20,20374.9,20375.05,20327.54,20347.27,1183.99139
2023-03-11 12:25,20347.26,20373.21,20331.97,20371.79,1086.18553
2023-03-11 12:30,20370.61,20381.0,20351.11,20376.18,1067.95163
2023-03-11 12:35,20375.39,20410.0,20372.6,20395.2,1237.76916
2023-03-11 12:40,20394.42,20432.18,20380.47,20406.12,1391.47097
2023-03-11 12:45,20404.55,20448.66,20390.27,20430.77,1486.35589
2023-03-11 12:50,20430.77,20443.11,20410.56,20416.51,1020.29112
2023-03-11 12:55,20416.99,20428.29,20392.65,20393.88,1009.38462
2023-03-11 13:00,20393.89,20414.81,20390.71,20392.57,1422.95714
2023-03-11 13:05,20391.87,20395.1,20325.79,20337.92,1783.26314
2023-03-11 13:10,20337.92,20338.0,20271.23,20294.94,2425.92301
2023-03-11 13:15,20294.93,20366.31,20290.5,20360.18,1499.39966
2023-03-11 13:20,20361.12,20379.41,20323.98,20357.97,1442.23538
2023-03-11 13:25,20357.97,20363.92,20321.04,20349.74,1277.59769
2023-03-11 13:30,20350.73,20370.72,20333.92,20344.77,1339.8712
2023-03-11 13:35,20344.77,20356.0,20330.0,20330.12,1200.4039
2023-03-11 13:40,20330.12,20332.01,20295.2,20308.25,1456.70836
2023-03-11 13:45,20308.87,20333.0,20307.03,20320.92,1000.62904
2023-03-11 13:50,20320.92,20347.71,20320.07,20342.14,727.88175
2023-03-11 13:55,20342.14,20344.97,20324.47,20339.7,836.6368
2023-03-11 14:00,20339.69,20341.28,20307.45,20318.26,972.30544
2023-03-11 14:05,20317.6,20401.5,20310.0,20401.03,1454.63987
2023-03-11 14:10,20401.48,20416.14,20375.67,20383.6,1127.83057
2023-03-11 14:15,20383.03,20385.32,20362.01,20369.9,1092.98316
2023-03-11 14:20,20369.9,20435.43,20366.01,20420.31,1274.22918
2023-03-11 14:25,20420.3,20422.05,20392.82,20421.39,1221.36699
2023-03-11 14:30,20421.38,20421.44,20378.64,20385.84,1147.00489
2023-03-11 14:35,20386.14,20408.98,20379.86,20395.6,1045.82119
2023-03-11 14:40,20395.03,20400.97,20376.2,20376.61,756.96099
2023-03-11 14:45,20377.45,20397.37,20374.6,20396.75,618.60682
2023-03-11 14:50,20396.73,20403.55,20378.46,20381.96,518.66408
2023-03-11 14:55,20382.66,20403.56,20379.29,20391.39,632.2574
2023-03-11 15:00,20391.4,20408.46,20387.2,20405.24,670.90434
2023-03-11 15:05,20405.96,20407.22,20385.94,20390.07,774.55304
2023-03-11 15:10,20389.73,20393.38,20373.35,20383.46,879.83962
2023-03-11 15:15,20383.45,20392.75,20371.1,20374.43,660.31493
2023-03-11 15:20,20374.41,20378.58,20331.02,20337.89,1192.70552
2023-03-11 15:25,20338.28,20348.1,20301.12,20305.92,1344.43816
2023-03-11 15:30,20305.99,20313.5,20251.22,20260.79,1880.27028
2023-03-11 15:35,20260.51,20270.26,20200.0,20257.11,2578.66459
2023-03-11 15:40,20257.11,20277.53,20239.05,20241.68,1685.93199
2023-03-11 15:45,20241.67,20274.24,20203.0,20273.94,1801.22126
2023-03-11 15:50,20273.93,20297.15,20242.34,20263.09,1655.45019
2023-03-11 15:55,20263.11,20286.61,20247.57,20284.61,1148.22829
2023-03-11 16:00,20283.9,20299.4,20265.0,20289.9,1486.33466
2023-03-11 16:05,20289.24,20320.77,20285.8,20298.18,1419.8292
2023-03-11 16:10,20297.63,20310.63,20220.5,20224.78,1720.78577
2023-03-11 16:15,20224.78,20234.03,20125.13,20151.17,2933.5564
2023-03-11 16:20,20150.23,20213.0,20143.1,20184.78,1584.05085
2023-03-11 16:25,20185.64,20221.75,20160.92,20197.34,1409.03787
2023-03-11 16:30,20198.65,20215.59,20129.03,20140.82,1690.59568
2023-03-11 16:35,20140.82,20154.58,20008.8,20032.47,4659.23588
2023-03-11 16:40,20031.03,20047.2,19885.0,19927.85,5027.89949
2023-03-11 16:45,19927.85,20028.86,19866.33,20008.12,3951.46388
2023-03-11 16:50,20008.12,20022.08,19894.17,19906.76,2533.29916
2023-03-11 16:55,19907.76,19919.87,19823.82,19850.81,3371.43071
2023-03-11 17:00,19850.81,19884.4,19778.59,19781.97,3415.481
2023-03-11 17:05,19782.01,19896.32,19765.03,19892.62,3453.14172
2023-03-11 17:10,19894.78,19958.65,19850.12,19892.52,3373.29459
2023-03-11 17:15,19894.18,19986.84,19884.32,19970.75,2452.88507
2023-03-11 17:20,19972.07,20008.99,19940.98,19989.12,2359.60858
2023-03-11 17:25,19989.12,20017.66,19948.4,19958.13,2066.9488
2023-03-11 17:30,19957.17,20023.38,19948.98,20010.64,1741.00464
2023-03-11 17:35,20010.64,20016.07,19949.13,19965.94,1849.54794
2023-03-11 17:40,19966.73,20205.0,19961.62,20198.25,3367.52158
2023-03-11 17:45,20194.4,20208.36,20097.96,20132.66,3348.94074
2023-03-11 17:50,20134.54,20186.98,20101.57,20120.27,1957.18166
2023-03-11 17:55,20120.28,20132.85,20071.14,20071.82,2044.51605
2023-03-11 18:00,20071.82,20117.6,20065.56,20072.91,1400.33836
2023-03-11 18:05,20072.91,20096.12,20043.43,20085.73,1694.46977
2023-03-11 18:10,20086.66,20147.15,20081.17,20125.04,1852.43817
2023-03-11 18:15,20126.42,20131.51,20071.15,20080.59,1600.36458
2023-03-11 18:20,20081.71,20083.02,20020.09,20027.9,2482.25507
2023-03-11 18:25,20027.91,20065.85,20025.19,20041.26,1498.40951
2023-03-11 18:30,20040.13,20078.77,20037.51,20044.35,1131.95118
2023-03-11 18:35,20043.12,20054.97,19955.43,19996.71,2616.95684
2023-03-11 18:40,19998.8,20035.0,19994.58,20013.85,1543.38415
2023-03-11 18:45,20014.1,20105.1,20004.38,20094.98,1715.35011
2023-03-11 18:50,20094.95,20137.28,20070.22,20121.79,1671.45022
2023-03-11 18:55,20123.08,20135.85,20091.69,20092.78,1592.96309
2023-03-11 19:00,20092.78,20105.1,20075.48,20098.67,1172.44178
2023-03-11 19:05,20099.54,20109.82,20081.28,20096.88,762.86378
2023-03-11 19:10,20096.88,20108.41,20077.52,20080.98,722.14369
2023-03-11 19:15,20080.98,20119.82,20067.73,20112.84,907.22296
2023-03-11 19:20,20112.84,20119.97,20104.92,20107.76,572.60369
2023-03-11 19:25,20107.76,20160.15,20094.76,20127.06,1680.88245
2023-03-11 19:30,20127.06,20130.02,20083.77,20085.19,1130.30638
2023-03-11 19:35,20085.19,20112.39,20040.7,20104.62,1763.00843
2023-03-11 19:40,20103.65,20108.74,20067.04,20106.79,982.19454
2023-03-11 19:45,20106.79,20108.37,19997.5,20020.25,2393.46914
2023-03-11 19:50,20020.25,20053.73,20016.19,20036.44,1087.62942
2023-03-11 19:55,20035.92,20052.97,20027.48,20036.75,977.49778
2023-03-11 20:00,20035.98,20054.66,20009.55,20048.32,1211.85514
2023-03-11 20:05,20049.18,20066.9,20041.78,20059.71,936.84759
2023-03-11 20:10,20059.7,20066.9,20036.69,20040.37,1006.12805
2023-03-11 20:15,20040.37,20060.96,20022.11,20053.58,1142.38696
2023-03-11 20:20,20053.58,20072.71,20043.45,20072.48,1106.77875
2023-03-11 20:25,20071.76,20107.99,20069.36,20074.93,1535.55083
2023-03-11 20:30,20074.96,20084.82,20007.22,20009.61,1928.49444
2023-03-11 20:35,20009.61,20050.51,19971.71,20037.09,1987.81267
2023-03-11 20:40,20037.09,20046.53,20020.0,20039.31,1113.99736
2023-03-11 20:45,20039.31,20077.0,20010.0,20068.97,1516.27634
2023-03-11 20:50,20069.91,20077.0,20039.5,20042.36,860.44931
2023-03-11 20:55,20043.35,20087.73,20034.1,20086.07,1062.69686
2023-03-11 21:00,20086.07,20094.22,20072.47,20081.54,1117.49781
2023-03-11 21:05,20081.54,20089.23,20066.5,20083.04,720.77936
2023-03-11 21:10,20083.04,20084.24,20051.0,20054.35,779.87791
2023-03-11 21:15,20053.34,20059.5,20040.75,20046.2,753.14599
2023-03-11 21:20,20045.55,20129.06,20032.54,20116.1,1625.36028
2023-03-11 21:25,20115.61,20117.69,20093.35,20102.74,988.96233
2023-03-11 21:30,20099.87,20106.25,20069.0,20076.24,1091.57502
2023-03-11 21:35,20076.24,20084.96,20061.35,20065.83,816.98425
2023-03-11 21:40,20066.35,20090.57,20060.33,20061.27,903.35018
2023-03-11 21:45,20061.27,20062.24,20030.0,20047.12,1087.23002
2023-03-11 21:50,20047.8,20061.28,20031.19,20040.37,1003.01812
2023-03-11 21:55,20040.37,20053.1,20030.17,20031.65,702.96897
2023-03-11 22:00,20032.41,20069.86,20030.01,20067.06,851.82743
2023-03-11 22:05,20066.16,20103.98,20058.13,20082.04,1350.85653
2023-03-11 22:10,20082.77,20089.08,20065.56,20074.46,554.18337
2023-03-11 22:15,20074.68,20106.8,20054.12,20099.12,894.28734
2023-03-11 22:20,20099.11,20133.02,20098.23,20111.75,1379.10799
2023-03-11 22:25,20111.91,20125.67,20083.21,20109.05,886.23593
2023-03-11 22:30,20109.06,20112.57,20082.01,20085.55,706.80619
2023-03-11 22:35,20085.55,20125.46,20079.86,20113.76,921.56226
2023-03-11 22:40,20114.6,20134.26,20100.08,20103.36,756.20189
2023-03-11 22:45,20104.5,20143.93,20096.19,20130.7,850.26584
2023-03-11 22:50,20130.7,20139.99,20105.01,20108.65,828.13551
2023-03-11 22:55,20109.91,20131.07,20062.65,20078.23,1441.98897
2023-03-11 23:00,20077.14,20115.0,20072.82,20108.62,881.62424
2023-03-11 23:05,20109.22,20126.27,20077.79,20097.22,1293.10832
2023-03-11 23:10,20097.22,20125.0,20097.22,20110.37,862.74463
2023-03-11 23:15,20111.0,20139.99,20108.12,20111.11,1006.26585
2023-03-11 23:20,20112.09,20137.83,20105.96,20115.22,751.21824
2023-03-11 23:25,20115.51,20158.42,20111.31,20140.25,1133.01323
2023-03-11 23:30,20140.91,20205.46,20137.26,20176.2,2353.91072
2023-03-11 23:35,20177.28,20195.0,20153.21,20185.53,1343.31328
2023-03-11 23:40,20185.53,20190.8,20158.21,20169.55,1036.33151
2023-03-11 23:45,20171.16,20178.96,20121.4,20141.49,1462.6617
2023-03-11 23:50,20141.46,20163.64,20130.87,20147.11,768.86295
2023-03-11 23:55,20147.68,20149.47,20086.3,20112.33,1692.96659
2023-03-12 00:00,20113.14,20147.0,20092.1,20092.94,1553.29428
2023-03-12 00:05,20092.94,20105.11,20063.0,20085.42,1513.69217
2023-03-12 00:10,20086.52,20099.98,20072.94,20094.7,950.40951
2023-03-12 00:15,20094.03,20124.25,20084.93,20100.49,1178.90501
2023-03-12 00:20,20100.49,20125.18,20097.77,20104.25,732.91403
2023-03-12 00:25,20104.26,20116.63,20085.19,20104.74,676.94164
2023-03-12 00:30,20104.74,20108.78,20075.32,20095.82,933.57816
2023-03-12 00:35,20095.82,20109.94,20088.36,20091.13,687.24995
2023-03-12 00:40,20091.57,20111.3,20078.42,20098.41,833.15176
2023-03-12 00:45,20098.41,20104.18,20080.0,20081.41,809.26238
2023-03-12 00:50,20081.91,20092.58,20040.77,20064.02,1775.81183
2023-03-12 00:55,20063.98,20092.14,20061.32,20061.98,858.3833
2023-03-12 01:00,20062.77,20086.57,20060.21,20074.49,969.21648
2023-03-12 01:05,20073.78,20084.76,19992.24,20024.67,2237.93013
2023-03-12 01:10,20023.52,20056.49,20022.69,20035.34,1586.20045
2023-03-12 01:15,20035.34,20079.11,20028.32,20049.65,1227.24218
2023-03-12 01:20,20049.88,20076.73,20043.43,20045.38,968.69566
2023-03-12 01:25,20045.4,20055.64,20020.0,20028.61,1253.81594
2023-03-12 01:30,20028.61,20044.92,20007.24,20043.82,1380.4979
2023-03-12 01:35,20043.82,20068.14,20040.66,20064.57,1057.1563
2023-03-12 01:40,20064.57,20067.52,20040.0,20059.08,1232.28066
2023-03-12 01:45,20059.08,20104.61,20057.5,20086.13,1517.78836
2023-03-12 01:50,20085.64,20093.72,20074.02,20085.47,798.04181
2023-03-12 01:55,20086.2,20099.72,20082.75,20091.11,760.86533
2023-03-12 02:00,20091.75,20103.6,20066.0,20100.48,1321.93904
2023-03-12 02:05,20100.48,20140.0,20096.62,20107.27,1402.06086
2023-03-12 02:10,20107.23,20121.58,20087.37,20105.79,1118.80436
2023-03-12 02:15,20106.52,20125.3,20095.53,20117.24,983.38364
2023-03-12 02:20,20118.13,20162.16,20100.02,20148.2,1870.11227
2023-03-12 02:25,20148.17,20158.1,20123.72,20148.16,1239.97123
2023-03-12 02:30,20148.15,20164.0,20121.89,20142.07,1439.61431
2023-03-12 02:35,20142.07,20143.59,20125.81,20140.17,657.95329
2023-03-12 02:40,20139.49,20193.23,20135.11,20171.36,1344.81829
2023-03-12 02:45,20172.1,20331.44,20155.54,20247.54,4690.84155
2023-03-12 02:50,20248.35,20274.55,20183.1,20197.84,2057.10075
2023-03-12 02:55,20198.03,20247.38,20182.04,20246.92,1657.45812
2023-03-12 03:00,20245.48,20284.21,20233.91,20253.12,1702.67482
2023-03-12 03:05,20253.12,20255.77,20200.56,20236.05,1706.51662
2023-03-12 03:10,20235.33,20249.9,20198.14,20198.35,1042.42398
2023-03-12 03:15,20199.45,20260.0,20197.64,20258.8,1062.61914
2023-03-12 03:20,20257.02,20324.21,20253.72,20298.32,2137.80895
2023-03-12 03:25,20298.33,20314.3,20255.72,20269.9,1432.13242
2023-03-12 03:30,20270.63,20299.98,20219.62,20228.4,1803.68442
2023-03-12 03:35,20228.99,20264.24,20225.09,20243.91,1329.63973
2023-03-12 03:40,20244.7,20259.0,20214.31,20247.95,691.82128
2023-03-12 03:45,20247.29,20275.84,20234.01,20253.77,985.53523
2023-03-12 03:50,20253.77,20256.74,20216.96,20241.13,1176.7001
2023-03-12 03:55,20241.14,20267.96,20218.91,20226.72,1082.26167
2023-03-12 04:00,20227.46,20248.76,20209.21,20242.08,1273.4315
2023-03-12 04:05,20241.28,20252.88,20212.0,20215.09,866.84887
2023-03-12 04:10,20214.1,20222.51,20145.01,20185.97,2109.40111
2023-03-12 04:15,20185.15,20205.45,20173.34,20178.3,916.22838
2023-03-12 04:20,20179.5,20214.9,20174.04,20203.61,718.23302
2023-03-12 04:25,20203.61,20236.3,20203.31,20222.99,814.85499
2023-03-12 04:30,20222.99,20231.67,20203.69,20228.0,984.50619
2023-03-12 04:35,20228.0,20229.0,20171.09,20210.9,1329.24628
2023-03-12 04:40,20210.9,20218.8,20202.94,20205.07,594.68989
2023-03-12 04:45,20204.64,20232.62,20198.52,20220.49,827.84199
2023-03-12 04:50,20221.25,20237.16,20210.5,20230.07,728.39379
2023-03-12 04:55,20230.07,20230.55,20210.23,20220.96,616.2467
2023-03-12 05:00,20220.98,20264.96,20220.79,20236.01,1206.1849
2023-03-12 05:05,20236.58,20257.71,20229.56,20230.81,752.51223
2023-03-12 05:10,20231.02,20247.9,20220.25,20221.31,1094.01965
2023-03-12 05:15,20221.31,20234.57,20214.63,20234.01,1053.39459
2023-03-12 05:20,20233.43,20287.31,20232.64,20272.69,1856.85971
2023-03-12 05:25,20272.69,20283.73,20238.19,20257.95,1453.58423
2023-03-12 05:30,20257.44,20358.0,20257.36,20338.35,3138.13566
2023-03-12 05:35,20338.35,20456.0,20328.74,20407.79,3661.8399
2023-03-12 05:40,20407.8,20419.97,20361.48,20393.16,1777.39674
2023-03-12 05:45,20393.16,20403.26,20317.14,20358.41,2186.47066
2023-03-12 05:50,20356.93,20372.58,20341.89,20344.83,1257.40152
2023-03-12 05:55,20345.17,20375.0,20340.01,20349.4,948.89172
2023-03-12 06:00,20349.4,20355.92,20300.02,20326.19,1407.88498
2023-03-12 06:05,20326.19,20360.0,20320.12,20325.31,1268.10183
2023-03-12 06:10,20325.32,20350.62,20320.0,20338.15,857.97002
2023-03-12 06:15,20337.1,20343.94,20290.0,20301.77,1222.27904
2023-03-12 06:20,20300.93,20317.91,20290.71,20304.41,969.00991
2023-03-12 06:25,20303.02,20324.09,20298.4,20304.76,662.72093
2023-03-12 06:30,20304.64,20324.44,20280.01,20285.24,1093.41448
2023-03-12 06:35,20285.24,20319.08,20280.0,20304.61,987.60193
2023-03-12 06:40,20303.91,20359.22,20300.35,20348.08,960.58288
2023-03-12 06:45,20348.08,20356.35,20324.68,20333.97,632.51284
2023-03-12 06:50,20335.11,20342.24,20303.36,20337.09,848.83997
2023-03-12 06:55,20337.1,20364.49,20332.02,20353.91,848.95823
2023-03-12 07:00,20353.91,20359.08,20334.34,20353.71,575.36973
2023-03-12 07:05,20353.71,20364.53,20335.1,20361.86,707.28593
2023-03-12 07:10,20362.44,20450.0,20359.08,20391.52,1784.78122
2023-03-12 07:15,20393.7,20447.19,20379.6,20429.74,1406.34042
2023-03-12 07:20,20430.5,20436.32,20388.78,20399.93,1016.41786
2023-03-12 07:25,20399.83,20418.18,20395.0,20395.93,596.25329
2023-03-12 07:30,20395.93,20400.72,20364.74,20365.11,909.71387
2023-03-12 07:35,20365.89,20384.01,20325.66,20328.63,1171.5896
2023-03-12 07:40,20328.67,20354.32,20324.44,20330.85,729.57715
2023-03-12 07:45,20331.39,20341.2,20300.0,20334.71,948.77362
2023-03-12 07:50,20334.71,20361.77,20312.0,20339.98,1069.19168
2023-03-12 07:55,20341.21,20364.91,20318.03,20333.55,1313.03593
2023-03-12 08:00,20332.53,20389.9,20330.41,20373.92,1243.08153
2023-03-12 08:05,20372.92,20407.7,20368.7,20385.66,1015.55423
2023-03-12 08:10,20385.66,20399.99,20375.0,20379.72,904.02099
2023-03-12 08:15,20379.72,20389.16,20363.85,20368.3,674.92962
2023-03-12 08:20,20368.95,20419.0,20362.73,20379.16,1065.07246
2023-03-12 08:25,20379.98,20406.87,20369.74,20405.12,484.85206
2023-03-12 08:30,20405.12,20405.13,20376.57,20390.63,636.67505
2023-03-12 08:35,20390.63,20447.0,20385.41,20440.73,1145.22077
2023-03-12 08:40,20440.73,20449.96,20392.14,20400.07,1084.85303
2023-03-12 08:45,20400.07,20413.3,20386.68,20410.85,741.01698
2023-03-12 08:50,20410.85,20529.91,20404.69,20490.54,3604.13895
2023-03-12 08:55,20488.78,20491.79,20444.0,20455.73,1330.59082
2023-03-12 09:00,20455.73,20459.96,20429.76,20450.47,1447.02743
2023-03-12 09:05,20449.47,20502.46,20448.91,20457.8,2265.20149
2023-03-12 09:10,20457.8,20469.04,20342.69,20354.9,2881.70066
2023-03-12 09:15,20354.9,20414.58,20352.79,20376.3,1479.7056
2023-03-12 09:20,20376.3,20407.35,20372.0,20389.21,1375.00267
2023-03-12 09:25,20389.88,20395.12,20358.33,20382.72,1291.51776
2023-03-12 09:30,20381.94,20398.64,20373.67,20394.19,1208.52653
2023-03-12 09:35,20394.96,20402.59,20371.28,20377.87,908.97887
2023-03-12 09:40,20378.33,20387.4,20360.62,20374.33,905.9708
2023-03-12 09:45,20374.34,20400.0,20374.21,20387.65,850.07514
2023-03-12 09:50,20387.94,20441.87,20382.61,20416.24,1167.59998
2023-03-12 09:55,20417.06,20478.37,20410.08,20453.41,1515.00977
2023-03-12 10:00,20453.41,20483.89,20451.14,20460.21,1402.08883
2023-03-12 10:05,20459.28,20466.38,20418.68,20421.03,1084.10874
2023-03-12 10:10,20422.28,20450.53,20401.46,20441.02,920.73059
2023-03-12 10:15,20440.39,20479.99,20436.04,20478.27,938.07103
2023-03-12 10:20,20477.26,20479.85,20455.99,20463.41,749.47247
2023-03-12 10:25,20463.15,20467.93,20445.98,20454.46,579.74685
2023-03-12 10:30,20454.46,20471.44,20420.09,20426.21,1128.59448
2023-03-12 10:35,20426.21,20437.67,20400.66,20402.56,1030.81242
2023-03-12 10:40,20401.86,20419.11,20380.0,20381.26,861.95744
2023-03-12 10:45,20381.26,20412.93,20380.01,20409.84,840.25986
2023-03-12 10:50,20409.83,20411.99,20397.54,20405.86,378.00378
2023-03-12 10:55,20405.36,20420.05,20392.14,20419.33,605.09922
2023-03-12 11:00,20419.33,20430.66,20380.25,20387.24,1159.7803
2023-03-12 11:05,20386.66,20394.49,20353.29,20358.7,997.44706
2023-03-12 11:10,20358.6,20367.61,20342.69,20351.63,1508.1123
2023-03-12 11:15,20351.63,20370.0,20350.7,20368.6,1002.10531
2023-03-12 11:20,20369.18,20376.36,20360.0,20364.26,653.98898
2023-03-12 11:25,20364.75,20367.41,20303.53,20322.24,1162.77303
2023-03-12 11:30,20323.0,20340.92,20307.41,20334.3,975.22648
2023-03-12 11:35,20334.3,20337.75,20317.7,20331.36,792.7295
2023-03-12 11:40,20331.92,20367.07,20329.55,20352.31,1093.87003
2023-03-12 11:45,20352.31,20411.01,20350.63,20376.3,1534.10929
2023-03-12 11:50,20376.35,20382.53,20360.23,20380.8,799.97575
2023-03-12 11:55,20380.01,20381.27,20363.58,20377.2,541.25567
2023-03-12 12:00,20377.21,20399.97,20377.0,20389.84,864.75767
2023-03-12 12:05,20389.36,20434.1,20360.0,20425.35,1178.32263
2023-03-12 12:10,20425.35,20464.91,20398.88,20407.37,1798.88672
2023-03-12 12:15,20406.75,20442.92,20391.58,20393.7,930.55848
2023-03-12 12:20,20392.61,20400.5,20362.31,20369.32,988.6406
2023-03-12 12:25,20369.81,20371.5,20356.29,20359.52,957.54114
2023-03-12 12:30,20359.92,20385.65,20353.12,20361.46,997.60171
2023-03-12 12:35,20360.81,20379.9,20351.13,20375.12,772.36176
2023-03-12 12:40,20375.12,20397.03,20371.02,20387.38,747.23768
2023-03-12 12:45,20388.2,20390.51,20366.14,20372.11,785.41799
2023-03-12 12:50,20372.11,20386.6,20368.02,20383.48,634.5513
2023-03-12 12:55,20383.48,20383.49,20357.04,20376.46,677.99965
2023-03-12 13:00,20376.47,20382.52,20358.54,20359.71,838.12996
2023-03-12 13:05,20360.06,20389.98,20354.38,20380.01,811.73681
2023-03-12 13:10,20380.75,20380.75,20361.51,20365.05,584.85055
2023-03-12 13:15,20365.05,20384.95,20360.44,20377.45,612.05148
2023-03-12 13:20,20378.04,20385.21,20354.01,20359.94,823.23173
2023-03-12 13:25,20360.63,20366.57,20349.29,20352.19,967.73188
2023-03-12 13:30,20352.2,20359.99,20325.32,20357.11,980.34967
2023-03-12 13:35,20357.11,20386.75,20356.23,20365.29,1054.85218
2023-03-12 13:40,20365.3,20392.73,20364.27,20390.73,511.36423
2023-03-12 13:45,20391.47,20403.03,20381.33,20382.37,607.06387
2023-03-12 13:50,20381.9,20388.62,20369.38,20385.8,606.0831
2023-03-12 13:55,20386.35,20389.92,20373.35,20386.99,561.65644
2023-03-12 14:00,20386.3,20427.18,20384.15,20419.92,1229.72544
2023-03-12 14:05,20419.5,20428.89,20408.01,20424.74,778.57501
2023-03-12 14:10,20425.31,20440.8,20408.04,20413.8,971.56564
2023-03-12 14:15,20414.35,20434.75,20413.54,20418.15,794.76586
2023-03-12 14:20,20417.66,20429.93,20384.26,20388.68,1063.68121
2023-03-12 14:25,20388.67,20401.38,20386.46,20396.05,593.01965
2023-03-12 14:30,20396.05,20418.4,20394.64,20408.95,792.66526
2023-03-12 14:35,20408.95,20424.07,20389.25,20394.1,661.66664
2023-03-12 14:40,20394.1,20404.28,20382.11,20383.46,547.14412
2023-03-12 14:45,20383.46,20390.0,20362.86,20362.86,843.41222
2023-03-12 14:50,20362.86,20373.01,20350.02,20359.32,966.69052
2023-03-12 14:55,20358.83,20362.63,20351.0,20354.68,585.01291
2023-03-12 15:00,20354.68,20367.24,20353.3,20362.34,573.21375
2023-03-12 15:05,20362.34,20365.54,20344.76,20346.11,538.12846
2023-03-12 15:10,20346.13,20383.17,20342.53,20359.3,1049.78181
2023-03-12 15:15,20359.26,20380.09,20358.9,20367.54,628.13229
2023-03-12 15:20,20367.08,20375.3,20361.51,20366.31,521.15349
2023-03-12 15:25,20366.31,20381.28,20358.0,20374.96,480.39363
2023-03-12 15:30,20374.92,20379.21,20348.25,20357.4,668.11751
2023-03-12 15:35,20356.74,20364.95,20351.36,20352.31,483.29109
2023-03-12 15:40,20352.99,20353.14,20318.0,20329.41,1098.35292
2023-03-12 15:45,20328.82,20350.0,20327.07,20334.64,714.27163
2023-03-12 15:50,20335.29,20356.02,20326.76,20342.05,719.38589
2023-03-12 15:55,20342.81,20349.38,20325.24,20331.8,547.89636
2023-03-12 16:00,20331.2,20341.8,20327.67,20334.9,674.62666
2023-03-12 16:05,20335.24,20349.59,20334.35,20343.92,544.31009
2023-03-12 16:10,20343.92,20356.92,20337.52,20340.44,585.0591
2023-03-12 16:15,20340.89,20367.0,20338.14,20354.14,793.95274
2023-03-12 16:20,20355.17,20374.08,20341.81,20345.4,733.4148
2023-03-12 16:25,20345.4,20360.73,20344.24,20357.66,418.20097
2023-03-12 16:30,20357.61,20370.17,20340.04,20348.91,800.54728
2023-03-12 16:35,20348.41,20352.19,20333.76,20346.45,431.6051
2023-03-12 16:40,20346.91,20348.39,20330.41,20330.9,366.83229
2023-03-12 16:45,20331.48,20335.19,20270.6,20292.35,1889.25412
2023-03-12 16:50,20292.99,20337.89,20287.44,20330.57,1153.11308
2023-03-12 16:55,20330.57,20351.0,20324.08,20346.71,788.55437
2023-03-12 17:00,20346.71,20374.46,20333.8,20362.81,1152.51108
2023-03-12 17:05,20362.81,20379.32,20342.74,20344.87,1087.68423
2023-03-12 17:10,20345.5,20376.36,20343.67,20368.86,829.23751
2023-03-12 17:15,20368.86,20395.0,20360.0,20381.7,1247.89724
2023-03-12 17:20,20382.3,20392.47,20362.5,20371.24,934.43769
2023-03-12 17:25,20370.6,20375.41,20357.98,20364.55,522.81885
2023-03-12 17:30,20363.78,20375.93,20354.0,20358.68,571.20561
2023-03-12 17:35,20358.68,20363.37,20349.04,20356.55,697.73195
2023-03-12 17:40,20356.99,20365.0,20352.69,20359.51,371.30986
2023-03-12 17:45,20358.92,20360.99,20341.76,20344.29,760.19435
2023-03-12 17:50,20344.29,20351.85,20340.26,20347.68,542.65679
2023-03-12 17:55,20347.68,20377.16,20347.26,20376.88,859.71865
2023-03-12 18:00,20376.83,20416.61,20372.99,20398.41,1504.29053
2023-03-12 18:05,20397.81,20404.77,20376.36,20381.37,744.79499
2023-03-12 18:10,20380.81,20387.17,20366.99,20369.05,658.61111
2023-03-12 18:15,20369.05,20393.53,20362.64,20388.79,1074.65694
2023-03-12 18:20,20388.79,20403.6,20384.0,20386.86,795.96751
2023-03-12 18:25,20386.86,20403.61,20373.3,20381.55,916.8791
2023-03-12 18:30,20381.55,20404.92,20379.78,20403.78,676.7735
2023-03-12 18:35,20403.78,20432.56,20383.68,20421.96,1208.68263
2023-03-12 18:40,20421.97,20430.36,20396.13,20400.39,1042.03636
2023-03-12 18:45,20400.39,20405.06,20370.0,20378.97,975.73018
2023-03-12 18:50,20378.12,20388.0,20374.8,20381.95,534.06181
2023-03-12 18:55,20381.95,20387.67,20363.9,20382.18,977.80539
2023-03-12 19:00,20382.73,20393.97,20365.08,20371.08,719.36655
2023-03-12 19:05,20371.01,20377.0,20365.91,20375.51,485.81452
2023-03-12 19:10,20375.51,20399.62,20371.0,20396.24,685.25532
2023-03-12 19:15,20396.24,20410.54,20385.56,20403.13,646.61506
2023-03-12 19:20,20402.77,20417.66,20391.18,20405.95,764.82982
2023-03-12 19:25,20405.85,20415.0,20400.23,20403.51,623.72497
2023-03-12 19:30,20402.99,20408.21,20393.04,20406.05,608.27086
2023-03-12 19:35,20406.05,20415.12,20395.06,20409.98,434.239
2023-03-12 19:40,20410.5,20437.8,20406.26,20431.3,838.80882
2023-03-12 19:45,20430.94,20448.82,20422.45,20425.22,829.47476
2023-03-12 19:50,20424.67,20433.53,20417.33,20417.96,594.71889
2023-03-12 19:55,20417.96,20429.5,20411.04,20425.93,507.17547
2023-03-12 20:00,20425.93,20431.41,20418.68,20430.1,586.19918
2023-03-12 20:05,20430.1,20434.47,20416.02,20427.76,825.88591
2023-03-12 20:10,20427.52,20435.52,20421.09,20427.51,876.76897
2023-03-12 20:15,20427.52,20439.52,20420.98,20437.17,635.40187
2023-03-12 20:20,20437.17,20488.0,20432.34,20465.03,1690.09836
2023-03-12 20:25,20465.07,20487.0,20454.61,20461.67,875.34656
2023-03-12 20:30,20462.16,20476.52,20441.65,20448.57,917.00007
2023-03-12 20:35,20449.03,20472.0,20444.23,20467.16,834.80279
2023-03-12 20:40,20467.16,20497.34,20461.67,20481.26,1566.86322
2023-03-12 20:45,20480.71,20483.66,20458.54,20460.55,888.65945
2023-03-12 20:50,20460.55,20467.34,20430.07,20441.51,1017.00622
2023-03-12 20:55,20440.97,20449.99,20432.28,20445.43,570.52147
2023-03-12 21:00,20445.56,20446.7,20402.51,20418.78,1280.75128
2023-03-12 21:05,20418.78,20426.5,20381.28,20404.53,1335.42533
2023-03-12 21:10,20405.48,20416.5,20317.39,20352.09,2483.50938
2023-03-12 21:15,20352.93,20390.82,20327.92,20386.32,1928.58053
2023-03-12 21:20,20385.33,20404.19,20365.77,20385.3,1359.05966
2023-03-12 21:25,20384.58,20392.34,20368.81,20388.83,658.22543
2023-03-12 21:30,20389.42,20389.77,20368.4,20372.13,699.48761
2023-03-12 21:35,20371.56,20376.49,20355.0,20364.98,851.09876
2023-03-12 21:40,20364.34,20410.25,20363.15,20395.79,977.32988
2023-03-12 21:45,20395.8,20404.46,20365.84,20373.92,803.918
2023-03-12 21:50,20373.92,20394.0,20357.76,20388.63,976.27093
2023-03-12 21:55,20389.52,20394.49,20375.46,20381.25,556.10453
2023-03-12 22:00,20380.62,20382.0,20369.0,20373.96,633.46859
2023-03-12 22:05,20373.96,20390.04,20370.42,20383.2,675.80647
2023-03-12 22:10,20383.72,20417.62,20383.09,20412.84,982.61186
2023-03-12 22:15,20412.08,20466.0,20401.92,20452.97,1980.60645
2023-03-12 22:20,20452.87,20462.89,20418.71,20427.22,1448.73999
2023-03-12 22:25,20426.11,20439.69,20414.07,20418.24,988.36989
2023-03-12 22:30,20419.3,20434.73,20411.01,20430.92,764.05204
2023-03-12 22:35,20430.81,20435.67,20407.03,20416.54,917.05152
2023-03-12 22:40,20416.56,20431.5,20411.4,20420.72,651.62343
2023-03-12 22:45,20420.21,20435.75,20409.44,20421.08,724.33755
2023-03-12 22:50,20421.64,20422.41,20382.17,20386.97,1187.64149
2023-03-12 22:55,20386.96,20406.86,20372.48,20383.95,1025.79731
2023-03-12 23:00,20383.95,20399.44,20354.52,20360.79,1228.59717
2023-03-12 23:05,20360.31,20399.8,20353.0,20390.0,1234.86089
2023-03-12 23:10,20390.0,20400.0,20367.03,20368.6,741.34112
2023-03-12 23:15,20367.86,20379.08,20359.7,20362.37,945.73061
2023-03-12 23:20,20363.21,20388.0,20351.02,20373.36,975.95805
2023-03-12 23:25,20373.49,20378.87,20361.53,20372.17,583.72484
2023-03-12 23:30,20372.65,20399.85,20369.58,20397.91,746.15942
2023-03-12 23:35,20397.91,20406.75,20375.96,20381.07,932.96155
2023-03-12 23:40,20381.07,20395.71,20370.0,20387.53,725.30139
2023-03-12 23:45,20387.01,20391.39,20373.55,20382.24,420.4138
2023-03-12 23:50,20381.9,20391.99,20369.57,20373.43,545.14833
2023-03-12 23:55,20373.75,20375.12,20327.59,20339.55,1611.46707
2023-03-13 00:00,20338.28,20359.99,20284.39,20323.51,2645.87198
2023-03-13 00:05,20322.36,20390.0,20320.21,20373.05,1510.42204
2023-03-13 00:10,20373.83,20411.8,20363.98,20396.07,1286.26741
2023-03-13 00:15,20396.06,20401.65,20360.0,20370.85,1308.32005
2023-03-13 00:20,20370.85,20394.47,20366.76,20376.14,981.67675
2023-03-13 00:25,20376.14,20388.72,20354.05,20364.7,808.16784
2023-03-13 00:30,20364.18,20377.01,20353.7,20370.46,805.96777
2023-03-13 00:35,20370.46,20381.99,20355.0,20355.49,696.84597
2023-03-13 00:40,20355.5,20356.96,20320.67,20332.63,1053.55571
2023-03-13 00:45,20332.62,20361.0,20330.21,20357.45,771.97775
2023-03-13 00:50,20357.08,20366.71,20340.56,20359.7,677.57546
2023-03-13 00:55,20359.7,20368.0,20355.6,20358.96,658.95318
2023-03-13 01:00,20359.59,20368.53,20344.77,20354.87,1193.55703
2023-03-13 01:05,20354.87,20375.0,20352.61,20372.9,747.29374
2023-03-13 01:10,20373.13,20387.34,20363.0,20366.59,788.1213
2023-03-13 01:15,20366.59,20376.0,20341.85,20366.46,1184.77746
2023-03-13 01:20,20366.43,20385.48,20362.58,20379.92,817.09974
2023-03-13 01:25,20379.93,20387.59,20365.09,20373.16,831.63279
2023-03-13 01:30,20373.56,20382.75,20370.27,20372.97,668.62851
2023-03-13 01:35,20372.89,20375.71,20351.33,20360.06,728.98739
2023-03-13 01:40,20359.37,20367.55,20356.61,20366.0,411.01425
2023-03-13 01:45,20366.35,20399.0,20361.89,20398.62,869.74958
2023-03-13 01:50,20398.62,20409.17,20386.95,20408.03,1064.05895
2023-03-13 01:55,20407.35,20419.0,20388.68,20389.55,1155.13527
2023-03-13 02:00,20390.15,20410.74,20386.0,20399.72,1031.2351
2023-03-13 02:05,20400.49,20402.34,20373.13,20383.49,886.21501
2023-03-13 02:10,20383.49,20396.4,20378.53,20393.98,537.06106
2023-03-13 02:15,20393.49,20395.41,20377.45,20380.08,529.19135
2023-03-13 02:20,20380.49,20416.88,20379.01,20412.32,945.52869
2023-03-13 02:25,20412.3,20754.0,20410.2,20636.86,8677.14452
2023-03-13 02:30,20636.84,20675.2,20561.67,20612.66,3412.20695
2023-03-13 02:35,20611.67,20631.35,20566.8,20615.04,2705.31568
2023-03-13 02:40,20614.99,20695.55,20594.0,20665.64,2889.75904
2023-03-13 02:45,20667.38,20857.62,20659.33,20741.33,6337.78888
2023-03-13 02:50,20741.33,20829.0,20714.07,20737.91,3068.59751
2023-03-13 02:55,20737.91,20800.9,20695.91,20785.52,2526.77621
2023-03-13 03:00,20786.52,20836.57,20751.2,20815.61,3006.08082
2023-03-13 03:05,20815.61,20821.75,20717.18,20739.24,3253.86995
2023-03-13 03:10,20738.71,20753.58,20693.72,20718.76,2053.88236
2023-03-13 03:15,20718.76,20743.95,20692.01,20739.57,1819.2218
2023-03-13 03:20,20739.35,20840.0,20733.4,20839.41,3931.78628
2023-03-13 03:25,20839.11,20945.69,20800.35,20887.97,5381.90981
2023-03-13 03:30,20887.97,21000.45,20851.03,20977.51,4376.38347
2023-03-13 03:35,20977.51,21147.0,20954.97,21097.86,7259.30753
2023-03-13 03:40,21097.78,21331.75,21084.24,21184.56,8075.04935
2023-03-13 03:45,21185.12,21249.97,21127.99,21206.58,4220.79304
2023-03-13 03:50,21205.17,21233.68,21150.42,21187.79,2417.87487
2023-03-13 03:55,21188.95,21191.13,21074.54,21076.45,2957.13271
2023-03-13 04:00,21075.05,21190.0,21075.05,21183.79,2756.32443
2023-03-13 04:05,21184.89,21224.99,21148.9,21169.46,2204.73372
2023-03-13 04:10,21169.46,21190.76,21140.0,21175.29,1547.01418
2023-03-13 04:15,21174.01,21189.0,20910.32,20937.81,4332.57786
2023-03-13 04:20,20936.52,20966.29,20832.77,20947.13,4367.43215
2023-03-13 04:25,20947.13,20979.42,20838.91,20856.81,2804.74899
2023-03-13 04:30,20856.81,20902.65,20766.0,20803.17,4591.03599
2023-03-13 04:35,20803.17,20870.0,20798.91,20842.42,1993.98158
2023-03-13 04:40,20842.04,20866.0,20816.66,20865.57,1489.38316
2023-03-13 04:45,20865.57,20898.61,20860.15,20890.73,2022.36895
2023-03-13 04:50,20890.72,20893.66,20788.22,20802.19,1590.08781
2023-03-13 04:55,20800.38,20814.27,20735.19,20779.54,2529.83305
2023-03-13 05:00,20779.54,20834.65,20755.76,20817.92,2045.39779
2023-03-13 05:05,20817.92,20877.81,20796.78,20844.81,1630.63084
2023-03-13 05:10,20844.81,20877.0,20824.69,20852.21,1478.66236
2023-03-13 05:15,20851.96,20877.04,20830.43,20853.84,1213.27245
2023-03-13 05:20,20853.82,20929.67,20840.01,20906.6,2258.82723
2023-03-13 05:25,20906.61,21024.69,20889.75,20996.94,2735.69897
2023-03-13 05:30,20996.93,21250.0,20986.32,21224.44,5908.4114
2023-03-13 05:35,21224.44,21297.0,21125.16,21161.47,4337.896
2023-03-13 05:40,21160.75,21224.96,21142.41,21205.71,2122.18667
2023-03-13 05:45,21208.15,21260.79,21166.71,21173.28,1968.17875
2023-03-13 05:50,21173.28,21175.5,21091.32,21138.25,2108.89598
2023-03-13 05:55,21137.38,21361.57,21134.19,21259.02,3192.53962
2023-03-13 06:00,21257.96,21291.21,21137.93,21204.62,3062.87405
2023-03-13 06:05,21204.62,21257.14,21145.66,21208.14,1810.84543
2023-03-13 06:10,21208.14,21238.48,21184.05,21205.89,1317.32505
2023-03-13 06:15,21205.9,21210.0,21152.23,21170.07,1176.2278
2023-03-13 06:20,21171.26,21220.0,21161.06,21166.9,1228.39992
2023-03-13 06:25,21166.9,21195.39,21136.15,21183.37,1343.44513
2023-03-13 06:30,21184.13,21188.0,21148.55,21177.92,1073.38118
2023-03-13 06:35,21179.53,21280.0,21167.21,21202.96,2246.72125
2023-03-13 06:40,21204.7,21246.46,21158.24,21169.9,1018.59827
2023-03-13 06:45,21168.88,21217.25,21164.62,21183.18,705.49021
2023-03-13 06:50,21182.01,21237.28,21181.06,21232.7,884.23725
2023-03-13 06:55,21233.75,21276.0,21226.15,21272.4,905.93376
2023-03-13 07:00,21272.82,21283.41,21130.25,21150.6,3877.99596
2023-03-13 07:05,21150.6,21163.78,21100.69,21148.23,2114.70293
2023-03-13 07:10,21148.99,21194.51,21127.05,21162.92,1978.65019
2023-03-13 07:15,21163.0,21582.4,21155.01,21490.34,8437.41866
2023-03-13 07:20,21491.71,21903.0,21467.53,21895.0,6636.0213
2023-03-13 07:25,21895.0,21903.0,21701.42,21803.04,6360.66453
2023-03-13 07:30,21801.44,21872.98,21726.59,21743.03,3669.74281
2023-03-13 07:35,21743.03,21774.31,21663.19,21762.77,2927.7261
2023-03-13 07:40,21764.66,21834.45,21723.01,21789.85,3163.80828
2023-03-13 07:45,21792.09,21821.44,21745.0,21758.22,2243.82519
2023-03-13 07:50,21756.31,21789.24,21681.14,21685.5,2322.8314
2023-03-13 07:55,21686.71,21755.0,21637.13,21702.38,2975.169
2023-03-13 08:00,21703.97,21760.15,21641.86,21656.63,2944.05904
2023-03-13 08:05,21656.31,21729.38,21602.0,21726.49,2693.84792
2023-03-13 08:10,21727.01,21738.79,21677.95,21710.54,1830.73475
2023-03-13 08:15,21711.99,21747.06,21690.0,21721.02,1777.72368
2023-03-13 08:20,21721.02,21851.41,21712.13,21796.63,2845.3822
2023-03-13 08:25,21795.76,21899.99,21783.4,21854.71,2923.23642
2023-03-13 08:30,21853.58,21887.63,21817.0,21833.4,2377.04988
2023-03-13 08:35,21833.4,21871.98,21747.25,21858.9,2452.84555
2023-03-13 08:40,21858.91,21894.91,21846.97,21889.72,2011.06808
2023-03-13 08:45,21889.72,22150.0,21830.0,21890.59,6575.98185
2023-03-13 08:50,21893.92,22012.3,21860.47,21962.04,3170.31931
2023-03-13 08:55,21962.04,22042.29,21939.1,21997.11,3013.56534
2023-03-13 09:00,21998.05,22103.0,21970.4,21974.68,4215.24822
2023-03-13 09:05,21974.67,21974.67,21860.74,21925.08,2893.50576
2023-03-13 09:10,21922.83,21972.44,21919.15,21926.75,2012.13155
2023-03-13 09:15,21927.37,22079.84,21903.16,22062.47,2796.04022
2023-03-13 09:20,22064.15,22228.65,22000.0,22072.77,5193.54606
2023-03-13 09:25,22072.77,22162.77,22050.0,22117.96,2755.11594
2023-03-13 09:30,22116.4,22164.64,22075.16,22131.87,2681.36898
2023-03-13 09:35,22130.08,22156.84,22090.68,22113.63,2380.47361
2023-03-13 09:40,22114.32,22549.0,22110.4,22470.06,9045.71609
2023-03-13 09:45,22472.48,22600.0,22391.04,22442.47,5828.76145
2023-03-13 09:50,22441.22,22449.08,22331.57,22378.42,3153.20805
2023-03-13 09:55,22377.35,22489.99,22364.61,22446.02,3870.04659
2023-03-13 10:00,22448.97,22478.4,22361.26,22369.99,2696.84773
2023-03-13 10:05,22368.71,22438.83,22322.5,22354.91,3398.51655
2023-03-13 10:10,22356.33,22360.74,22290.0,22295.24,2517.21933
2023-03-13 10:15,22296.69,22372.29,22291.8,22318.43,2023.59925
2023-03-13 10:20,22318.43,22386.0,22300.0,22307.37,2091.17395
2023-03-13 10:25,22306.87,22347.36,22301.78,22325.12,1681.94947
2023-03-13 10:30,22324.94,22403.49,22321.12,22378.89,2635.49709
2023-03-13 10:35,22378.9,22382.18,22250.37,22264.26,2182.62249
2023-03-13 10:40,22265.85,22332.99,22264.0,22329.46,1784.47846
2023-03-13 10:45,22329.46,22372.73,22326.03,22347.4,1939.58474
2023-03-13 10:50,22347.4,22348.68,22284.37,22297.29,1607.78412
2023-03-13 10:55,22297.29,22332.54,22277.86,22294.1,1463.15434
2023-03-13 11:00,22295.4,22335.13,22291.79,22310.98,1400.97929
2023-03-13 11:05,22310.98,22356.8,22308.35,22342.55,1504.50438
2023-03-13 11:10,22343.41,22344.81,22300.5,22302.92,1158.89763
2023-03-13 11:15,22302.16,22305.12,22197.3,22236.05,2497.84676
2023-03-13 11:20,22236.05,22299.99,22173.87,22184.01,2792.07118
2023-03-13 11:25,22185.25,22257.74,22175.85,22186.24,2039.23761
2023-03-13 11:30,22184.86,22272.37,22182.67,22253.0,1605.95947
2023-03-13 11:35,22253.0,22292.36,22213.56,22216.1,1824.54311
2023-03-13 11:40,22216.1,22229.55,22191.53,22194.79,1549.40346
2023-03-13 11:45,22195.71,22205.11,22066.4,22095.0,3170.13348
2023-03-13 11:50,22094.0,22171.43,22092.28,22156.06,2160.14244
2023-03-13 11:55,22156.07,22194.68,22156.06,22182.01,1302.82858
2023-03-13 12:00,22182.65,22219.92,22162.52,22211.97,1620.44082
2023-03-13 12:05,22211.49,22228.94,22196.26,22218.15,1115.83471
2023-03-13 12:10,22216.99,22231.1,22160.01,22172.89,1302.04691
2023-03-13 12:15,22173.65,22182.08,22129.02,22133.45,1485.73418
2023-03-13 12:20,22133.45,22159.27,22114.39,22148.65,1334.16886
2023-03-13 12:25,22149.51,22217.06,22148.19,22210.1,1180.17936
2023-03-13 12:30,22208.77,22240.0,22162.61,22236.37,1483.42969
2023-03-13 12:35,22236.37,22282.4,22228.96,22275.43,1728.30647
2023-03-13 12:40,22275.43,22276.46,22210.89,22220.63,1605.84077
2023-03-13 12:45,22222.61,22242.37,22210.0,22215.88,933.7935
2023-03-13 12:50,22215.95,22251.24,22215.88,22238.65,882.91072
2023-03-13 12:55,22238.65,22259.99,22226.0,22231.62,920.59385
2023-03-13 13:00,22232.76,22271.99,22222.88,22243.77,1012.77844
2023-03-13 13:05,22243.22,22277.07,22236.54,22253.85,1012.68005
2023-03-13 13:10,22254.99,22449.99,22250.91,22417.68,2732.11138
2023-03-13 13:15,22421.58,22459.62,22320.68,22330.13,3198.47372
2023-03-13 13:20,22330.13,22398.03,22327.2,22380.97,1633.69648
2023-03-13 13:25,22382.24,22405.3,22344.8,22347.34,1988.05656
2023-03-13 13:30,22347.34,22368.34,22311.38,22326.14,1417.74051
2023-03-13 13:35,22327.67,22375.95,22326.14,22357.91,1070.47626
2023-03-13 13:40,22357.05,22379.0,22345.04,22355.0,993.49679
2023-03-13 13:45,22353.92,22398.89,22353.92,22371.49,1348.984
2023-03-13 13:50,22370.24,22378.98,22307.41,22318.38,1222.83572
2023-03-13 13:55,22318.38,22337.58,22284.72,22320.07,1355.43951
2023-03-13 14:00,22320.07,22339.35,22310.0,22333.91,1090.93514
2023-03-13 14:05,22332.97,22367.0,22330.55,22357.64,1103.03465
2023-03-13 14:10,22356.47,22358.05,22327.0,22333.73,954.33443
2023-03-13 14:15,22333.73,22354.03,22324.41,22345.02,989.34177
2023-03-13 14:20,22346.0,22347.5,22312.55,22318.01,896.82949
2023-03-13 14:25,22318.01,22340.0,22312.0,22337.97,996.94837
2023-03-13 14:30,22338.7,22338.8,22285.3,22299.98,1249.25434
2023-03-13 14:35,22299.15,22347.82,22298.36,22341.78,1169.13173
2023-03-13 14:40,22342.9,22378.89,22339.51,22373.15,1317.46518
2023-03-13 14:45,22374.11,22391.64,22358.19,22367.56,1353.20217
2023-03-13 14:50,22368.74,22395.82,22364.01,22376.81,901.70191
2023-03-13 14:55,22377.97,22402.29,22366.0,22397.11,1226.0642
2023-03-13 15:00,22397.11,22401.77,22356.0,22371.48,1107.01625
2023-03-13 15:05,22371.48,22506.0,22317.31,22329.24,2881.97035
2023-03-13 15:10,22329.24,22352.74,22318.01,22321.34,1213.82703
2023-03-13 15:15,22320.64,22370.08,22291.82,22294.79,1582.13978
2023-03-13 15:20,22295.76,22350.0,22291.36,22331.07,1282.73562
2023-03-13 15:25,22331.06,22369.57,22328.51,22330.46,1088.93226
2023-03-13 15:30,22329.42,22332.2,22245.0,22290.86,1533.03758
2023-03-13 15:35,22290.01,22310.93,22276.2,22299.42,1111.84516
2023-03-13 15:40,22299.42,22348.99,22292.12,22345.71,1041.46505
2023-03-13 15:45,22344.72,22390.0,22331.44,22373.16,1285.49313
2023-03-13 15:50,22374.62,22383.99,22337.29,22373.84,1143.16668
2023-03-13 15:55,22374.96,22382.76,22351.71,22381.9,900.93932
2023-03-13 16:00,22381.11,22388.3,22350.42,22354.48,1067.94679
2023-03-13 16:05,22354.47,22357.94,22324.89,22338.91,1182.66677
2023-03-13 16:10,22338.03,22355.0,22319.06,22334.54,971.48591
2023-03-13 16:15,22335.0,22373.5,22333.52,22349.5,1343.81257
2023-03-13 16:20,22350.63,22440.0,22349.41,22420.3,2146.17817
2023-03-13 16:25,22420.18,22424.0,22354.16,22366.43,1753.70509
2023-03-13 16:30,22367.97,22401.86,22358.41,22387.49,1354.90322
2023-03-13 16:35,22386.23,22466.02,22378.46,22445.51,2563.89748
2023-03-13 16:40,22447.49,22458.98,22412.28,22451.86,1538.46107
2023-03-13 16:45,22453.18,22493.59,22436.24,22472.19,1937.46419
2023-03-13 16:50,22472.18,22495.0,22413.0,22431.02,2049.19211
2023-03-13 16:55,22430.0,22484.85,22430.0,22458.72,1853.20357
2023-03-13 17:00,22458.87,22493.0,22440.41,22480.57,2418.1314
2023-03-13 17:05,22479.45,22539.64,22367.35,22411.28,3993.13203
2023-03-13 17:10,22411.28,22445.02,22377.17,22398.02,2267.48599
2023-03-13 17:15,22398.96,22428.24,22375.05,22382.85,2023.85669
2023-03-13 17:20,22381.27,22408.65,22367.28,22393.14,1506.45059
2023-03-13 17:25,22393.14,22407.34,22342.65,22358.67,1640.28812
2023-03-13 17:30,22360.65,22386.83,22331.31,22363.01,1998.58324
2023-03-13 17:35,22362.42,22383.99,22330.24,22338.54,1585.46802
2023-03-13 17:40,22338.54,22355.0,22286.68,22290.87,1836.5963
2023-03-13 17:45,22290.87,22322.44,22224.12,22249.94,2864.71828
2023-03-13 17:50,22249.94,22251.0,22170.75,22229.23,3232.39508
2023-03-13 17:55,22229.23,22256.5,22183.8,22191.1,1930.12936
2023-03-13 18:00,22191.11,22218.58,22129.72,22205.2,2904.76748
2023-03-13 18:05,22205.2,22262.35,22198.36,22232.19,2208.77136
2023-03-13 18:10,22232.19,22234.3,22175.14,22214.66,1755.31347
2023-03-13 18:15,22214.66,22259.77,22211.61,22222.76,1598.80711
2023-03-13 18:20,22222.76,22231.96,22161.43,22172.28,1641.89614
2023-03-13 18:25,22172.28,22172.28,22040.27,22044.0,3341.83028
2023-03-13 18:30,22040.41,22122.08,21951.43,21952.7,5182.51755
2023-03-13 18:35,21956.98,21981.31,21813.88,21926.57,6114.02392
2023-03-13 18:40,21925.5,21995.81,21892.26,21948.94,3373.86181
2023-03-13 18:45,21948.94,22042.1,21945.11,21996.97,2695.56204
2023-03-13 18:50,21996.97,22020.0,21931.07,21976.78,2180.07967
2023-03-13 18:55,21975.5,21997.72,21946.56,21963.37,2117.22459
2023-03-13 19:00,21961.74,22064.46,21949.99,22051.47,2950.96715
2023-03-13 19:05,22051.47,22061.86,21980.23,22001.52,2129.50322
2023-03-13 19:10,22001.52,22004.27,21953.5,21960.38,1563.02799
2023-03-13 19:15,21962.02,21972.1,21816.67,21863.52,3794.50013
2023-03-13 19:20,21862.36,21893.46,21856.96,21891.71,2239.33626
2023-03-13 19:25,21891.71,22026.65,21890.69,22000.01,2979.26302
2023-03-13 19:30,22000.01,22038.01,21968.67,22026.49,1877.26164
2023-03-13 19:35,22027.24,22100.0,22014.29,22096.05,2269.93366
2023-03-13 19:40,22095.51,22105.78,22045.0,22046.3,1725.71814
2023-03-13 19:45,22045.0,22058.42,21992.59,22046.83,1790.37057
2023-03-13 19:50,22046.83,22051.88,22020.01,22048.73,1521.37384
2023-03-13 19:55,22048.73,22177.0,22042.59,22124.51,2630.50807
2023-03-13 20:00,22125.45,22140.08,22085.01,22123.47,2521.17908
2023-03-13 20:05,22123.47,22220.0,22097.51,22148.79,2921.5494
2023-03-13 20:10,22148.8,22151.71,22073.18,22096.8,2096.82845
2023-03-13 20:15,22095.54,22104.0,22058.42,22094.0,1598.06903
2023-03-13 20:20,22093.71,22104.19,22055.23,22081.52,1518.90232
2023-03-13 20:25,22081.52,22099.67,22017.0,22035.01,1448.56092
